"DESCRIPTION","DURATION IN MS","NAME","PARENT SUITE","START TIME","STATUS","STOP TIME","SUB SUITE","SUITE","TEST CLASS","TEST METHOD"
"","22016","AE-TC-108. Verificar la funcionalidad del campo Fecha Inicio en Reporte de Egresos @Smoke @Regression @positive","authenticated-tests","Tue Nov 04 07:54:16 UTC 2025","passed","Tue Nov 04 07:54:38 UTC 2025","Módulo: Reportes - Egresos por Fecha","reportes/Egresos.spec.js","",""
"","4853","AE-TC-67. Paginación - botón anterior deshabilitado @Regression @positive","authenticated-tests","Tue Nov 04 07:43:28 UTC 2025","passed","Tue Nov 04 07:43:32 UTC 2025","Módulo: Registro de Gestión","parametros/RegistroGestion.spec.js","",""
"","4435","AE-TC-113. Validar mensaje de error al intentar generar reporte con datos vacíos en Reporte de Egresos @Regression @negative","authenticated-tests","Tue Nov 04 07:56:13 UTC 2025","passed","Tue Nov 04 07:56:17 UTC 2025","Módulo: Reportes - Egresos por Fecha","reportes/Egresos.spec.js","",""
"","6495","AE-TC-104. Verificar la funcionalidad del botón Generar PDF @Smoke @Regression @positive","authenticated-tests","Tue Nov 04 07:56:46 UTC 2025","passed","Tue Nov 04 07:56:53 UTC 2025","Módulo: Reportes - Ingresos por Fecha","reportes/Ingresos.spec.js","",""
"","5676","AE-TC-79: Validar que no se puedan ingresar letras en precio @Regression @negative","authenticated-tests","Tue Nov 04 07:53:06 UTC 2025","passed","Tue Nov 04 07:53:12 UTC 2025","Módulo Ventas","procesos/Ventas.spec.js","",""
"","11071","AE-TC-61. Validar año demasiado largo @Regression @negative","authenticated-tests","Tue Nov 04 07:41:59 UTC 2025","passed","Tue Nov 04 07:42:10 UTC 2025","Módulo: Registro de Gestión","parametros/RegistroGestion.spec.js","",""
"","5222","AE-TC-33. Validar límite de 64 caracteres en campo ""nombre"" @Regression @negative","authenticated-tests","Tue Nov 04 07:41:03 UTC 2025","passed","Tue Nov 04 07:41:08 UTC 2025","Módulo: Proveedores","parametros/Proveedores.spec.js","",""
"","4816","AE-TC-57. Seleccionar registro de tipo de egreso en la tabla @Regression @positive","authenticated-tests","Tue Nov 04 07:45:35 UTC 2025","passed","Tue Nov 04 07:45:40 UTC 2025","Módulo: Tipos de Egreso","parametros/TiposEgreso.spec.js","",""
"","8118","AE-TC-74: Rechazo de venta con campos obligatorios vacíos @Regression @negative","authenticated-tests","Tue Nov 04 07:52:10 UTC 2025","passed","Tue Nov 04 07:52:18 UTC 2025","Módulo Ventas","procesos/Ventas.spec.js","",""
"","4806","AE-TC-56. Cancelar eliminación de tipo de egreso y validar permanencia @Regression @positive","authenticated-tests","Tue Nov 04 07:45:30 UTC 2025","passed","Tue Nov 04 07:45:35 UTC 2025","Módulo: Tipos de Egreso","parametros/TiposEgreso.spec.js","",""
"","12442","AE-TC-31. Editar proveedor existente con datos válidos @Regression @positive","authenticated-tests","Tue Nov 04 07:40:43 UTC 2025","passed","Tue Nov 04 07:40:55 UTC 2025","Módulo: Proveedores","parametros/Proveedores.spec.js","",""
"","13653","AE-TC-65. Buscar registro de gestión existente @Smoke @Regression @positive","authenticated-tests","Tue Nov 04 07:43:01 UTC 2025","passed","Tue Nov 04 07:43:14 UTC 2025","Módulo: Registro de Gestión","parametros/RegistroGestion.spec.js","",""
"","4771","AE-TC-114. Verificar funcionalidad de campo Tipo de Gráfico por Gestión @Smoke @Regression @positive","authenticated-tests","Tue Nov 04 07:56:17 UTC 2025","passed","Tue Nov 04 07:56:22 UTC 2025","Módulo: Reportes - Gráficos Mensual/Anual","reportes/graficosMensualAnual.spec.js","",""
"","5006","AE-TC-21. Validar límite de 64 caracteres en el campo ""nombre"" @Regression @negative","authenticated-tests","Tue Nov 04 07:46:18 UTC 2025","passed","Tue Nov 04 07:46:23 UTC 2025","Módulo: Tipos de Ingreso","parametros/TiposIngreso.spec.js","",""
"","4710","AE-TC-102. Verificar la funcionalidad del campo Fecha Fin @Smoke @Regression @positive","authenticated-tests","Tue Nov 04 07:56:36 UTC 2025","passed","Tue Nov 04 07:56:41 UTC 2025","Módulo: Reportes - Ingresos por Fecha","reportes/Ingresos.spec.js","",""
"","21715","AE-TC-107. Verificar la funcionalidad del campo Usuario en Reporte de Egresos @Smoke @Regression @positive","authenticated-tests","Tue Nov 04 07:53:55 UTC 2025","passed","Tue Nov 04 07:54:16 UTC 2025","Módulo: Reportes - Egresos por Fecha","reportes/Egresos.spec.js","",""
"","8406","AE-TC-39. Crear tipo de producto válido @Smoke @Regression @positive","authenticated-tests","Tue Nov 04 07:47:04 UTC 2025","passed","Tue Nov 04 07:47:12 UTC 2025","Módulo: Tipos de Producto","parametros/TiposProducto.spec.js","",""
"","39488","AE-TC-122:Flujo completo: crear parámetros, registrar compra y verificar reporte @E2E @Regression @positive","authenticated-tests","Tue Nov 04 07:38:21 UTC 2025","passed","Tue Nov 04 07:39:00 UTC 2025","Flujo completo de compras","E2E/FlujoCompletoCompras.spec.js","",""
"","7545","Generar storage de autenticación","setup","Tue Nov 04 07:38:05 UTC 2025","passed","Tue Nov 04 07:38:12 UTC 2025","","saveStorage.spec.js","",""
"","5151","AE-TC-05. Verificar creación de forma de pago con datos válidos @Smoke @Regression @positive","authenticated-tests","Tue Nov 04 07:39:26 UTC 2025","passed","Tue Nov 04 07:39:31 UTC 2025","Módulo: Formas de Pago","parametros/FormasPago.spec.js","",""
"","8368","AE-TC-91: Rechazo por letras en costo y cantidad @Regression @negative","authenticated-tests","Tue Nov 04 07:49:38 UTC 2025","passed","Tue Nov 04 07:49:47 UTC 2025","Módulo Compras","procesos/Compras.spec.js","",""
"","13363","AE-TC-99: Validar botón Actualizar en Compras @Regression @positive","authenticated-tests","Tue Nov 04 07:51:27 UTC 2025","passed","Tue Nov 04 07:51:40 UTC 2025","Módulo Compras","procesos/Compras.spec.js","",""
"","27673","AE-TC-112. Validar que la fecha fin no sea anterior a la fecha inicio en Reporte de Egresos @Regression @negative","authenticated-tests","Tue Nov 04 07:55:45 UTC 2025","passed","Tue Nov 04 07:56:13 UTC 2025","Módulo: Reportes - Egresos por Fecha","reportes/Egresos.spec.js","",""
"","4240","AE-TC-34. Validar límite de caracteres en campo ""descripción"" @Regression @positive","authenticated-tests","Tue Nov 04 07:41:08 UTC 2025","passed","Tue Nov 04 07:41:13 UTC 2025","Módulo: Proveedores","parametros/Proveedores.spec.js","",""
"","5302","AE-TC-119. Verificar funcionalidad del botón Limpiar @Smoke @Regression @positive","authenticated-tests","Tue Nov 04 07:57:24 UTC 2025","passed","Tue Nov 04 07:57:29 UTC 2025","Módulo: Reporte de Utilidades","reportes/Utilidades.spec.js","",""
"","13052","AE-TC-85: Buscar compras por término @Regression @positive","authenticated-tests","Tue Nov 04 07:48:39 UTC 2025","passed","Tue Nov 04 07:48:52 UTC 2025","Módulo Compras","procesos/Compras.spec.js","",""
"","19316","AE-TC-78: Rechazo de venta con precio negativo @Regression @negative","authenticated-tests","Tue Nov 04 07:52:47 UTC 2025","passed","Tue Nov 04 07:53:06 UTC 2025","Módulo Ventas","procesos/Ventas.spec.js","",""
"","11010","AE-TC-81: Rechazo por descripción y precio fuera de límite @Regression @negative","authenticated-tests","Tue Nov 04 07:53:22 UTC 2025","passed","Tue Nov 04 07:53:33 UTC 2025","Módulo Ventas","procesos/Ventas.spec.js","",""
"","11325","AE-TC-19. Editar un tipo de ingreso existente con datos válidos y eliminarlo @Regression @positive","authenticated-tests","Tue Nov 04 07:45:56 UTC 2025","passed","Tue Nov 04 07:46:08 UTC 2025","Módulo: Tipos de Ingreso","parametros/TiposIngreso.spec.js","",""
"","5338","AE-TC-103. Verificar la funcionalidad del botón Limpiar @Regression @positive","authenticated-tests","Tue Nov 04 07:56:41 UTC 2025","passed","Tue Nov 04 07:56:46 UTC 2025","Módulo: Reportes - Ingresos por Fecha","reportes/Ingresos.spec.js","",""
"","3251","AE-TC-03. Verificar al ingresar una contraseña incorrecta muestre un mensaje de error @Smoke @Regression @negative","login-tests","Tue Nov 04 07:38:16 UTC 2025","passed","Tue Nov 04 07:38:19 UTC 2025","Login","login.spec.js","",""
"","3782","AE-TC-12. Validar funcionamiento del botón Siguiente en la tabla de formas de pago @Regression @positive","authenticated-tests","Tue Nov 04 07:40:09 UTC 2025","passed","Tue Nov 04 07:40:12 UTC 2025","Módulo: Formas de Pago","parametros/FormasPago.spec.js","",""
"","4242","AE-TC-10. Seleccionar un registro de forma de pago en la tabla @Regression @positive","authenticated-tests","Tue Nov 04 07:40:00 UTC 2025","passed","Tue Nov 04 07:40:04 UTC 2025","Módulo: Formas de Pago","parametros/FormasPago.spec.js","",""
"","13269","AE-TC-90: Validar límite máximo de caracteres en descripción @Regression @positive","authenticated-tests","Tue Nov 04 07:49:25 UTC 2025","passed","Tue Nov 04 07:49:38 UTC 2025","Módulo Compras","procesos/Compras.spec.js","",""
"","22588","AE-TC-111. Verificar la funcionalidad del botón Generar PDF en Reporte de Egresos @Smoke @Regression @positive","authenticated-tests","Tue Nov 04 07:55:23 UTC 2025","passed","Tue Nov 04 07:55:45 UTC 2025","Módulo: Reportes - Egresos por Fecha","reportes/Egresos.spec.js","",""
"","7394","AE-TC-118. Validar que la Fecha Fin no pueda ser anterior a la Fecha Inicio @Regression @negative","authenticated-tests","Tue Nov 04 07:57:17 UTC 2025","passed","Tue Nov 04 07:57:24 UTC 2025","Módulo: Reporte de Utilidades","reportes/Utilidades.spec.js","",""
"","4430","AE-TC-40. Intentar crear tipo de producto con campos vacíos @Regression @negative","authenticated-tests","Tue Nov 04 07:47:12 UTC 2025","passed","Tue Nov 04 07:47:16 UTC 2025","Módulo: Tipos de Producto","parametros/TiposProducto.spec.js","",""
"","15429","AE-TC-38. Verificar que botón ""Actualizar"" refresca correctamente la tabla @Regression @positive","authenticated-tests","Tue Nov 04 07:41:26 UTC 2025","passed","Tue Nov 04 07:41:41 UTC 2025","Módulo: Proveedores","parametros/Proveedores.spec.js","",""
"","10126","AE-TC-80: Rechazo por precio inválido y forma de pago vacía @Regression @negative","authenticated-tests","Tue Nov 04 07:53:12 UTC 2025","passed","Tue Nov 04 07:53:22 UTC 2025","Módulo Ventas","procesos/Ventas.spec.js","",""
"","5527","AE-TC-60. Validar campo obligatorio en registro de gestión @Regression @negative","authenticated-tests","Tue Nov 04 07:41:54 UTC 2025","passed","Tue Nov 04 07:41:59 UTC 2025","Módulo: Registro de Gestión","parametros/RegistroGestion.spec.js","",""
"","12538","AE-TC-59. Crear registro de gestión válido @Smoke @Regression @positive","authenticated-tests","Tue Nov 04 07:41:41 UTC 2025","passed","Tue Nov 04 07:41:54 UTC 2025","Módulo: Registro de Gestión","parametros/RegistroGestion.spec.js","",""
"","4525","AE-TC-30. Intentar crear proveedor con campos vacíos @Regression @negative","authenticated-tests","Tue Nov 04 07:40:38 UTC 2025","passed","Tue Nov 04 07:40:43 UTC 2025","Módulo: Proveedores","parametros/Proveedores.spec.js","",""
"","969","AE-TC-01. Verificar mensaje de “Campo obligatorio” al enviar campos vacíos @Smoke @Regression @positive","login-tests","Tue Nov 04 07:38:14 UTC 2025","passed","Tue Nov 04 07:38:15 UTC 2025","Login","login.spec.js","",""
"","4636","AE-TC-101. Verificar la funcionalidad del campo Fecha Inicio @Smoke @Regression @positive","authenticated-tests","Tue Nov 04 07:56:32 UTC 2025","passed","Tue Nov 04 07:56:36 UTC 2025","Módulo: Reportes - Ingresos por Fecha","reportes/Ingresos.spec.js","",""
"","7912","AE-TC-88: Validar botón ""Siguiente"" en listado de compras @Regression @positive","authenticated-tests","Tue Nov 04 07:49:06 UTC 2025","passed","Tue Nov 04 07:49:14 UTC 2025","Módulo Compras","procesos/Compras.spec.js","",""
"","9743","AE-TC-76: Validar límite máximo de caracteres en precio @Regression @positive","authenticated-tests","Tue Nov 04 07:52:27 UTC 2025","passed","Tue Nov 04 07:52:37 UTC 2025","Módulo Ventas","procesos/Ventas.spec.js","",""
"","4155","AE-TC-54. Validar límite en descripción de tipo de egreso @Regression @negative","authenticated-tests","Tue Nov 04 07:45:22 UTC 2025","passed","Tue Nov 04 07:45:26 UTC 2025","Módulo: Tipos de Egreso","parametros/TiposEgreso.spec.js","",""
"","10069","AE-TC-71: Buscar ventas por término @Regression @positive","authenticated-tests","Tue Nov 04 07:51:50 UTC 2025","passed","Tue Nov 04 07:52:00 UTC 2025","Módulo Ventas","procesos/Ventas.spec.js","",""
"","9655","AE-TC-50. Intentar crear tipo de egreso con campos vacíos @Regression @negative","authenticated-tests","Tue Nov 04 07:44:50 UTC 2025","passed","Tue Nov 04 07:45:00 UTC 2025","Módulo: Tipos de Egreso","parametros/TiposEgreso.spec.js","",""
"","4273","AE-TC-37. Seleccionar registro en la tabla @Regression @positive","authenticated-tests","Tue Nov 04 07:41:21 UTC 2025","passed","Tue Nov 04 07:41:26 UTC 2025","Módulo: Proveedores","parametros/Proveedores.spec.js","",""
"","4796","AE-TC-44. Validar límite en descripción de tipo de producto @Regression @positive","authenticated-tests","Tue Nov 04 07:47:46 UTC 2025","passed","Tue Nov 04 07:47:50 UTC 2025","Módulo: Tipos de Producto","parametros/TiposProducto.spec.js","",""
"","7309","AE-TC-94: Rechazo por letras en costo y cantidad (manual) @Regression @negative","authenticated-tests","Tue Nov 04 07:50:12 UTC 2025","passed","Tue Nov 04 07:50:20 UTC 2025","Módulo Compras","procesos/Compras.spec.js","",""
"","5598","AE-TC-62. Validar año no numérico @Regression @negative","authenticated-tests","Tue Nov 04 07:42:10 UTC 2025","passed","Tue Nov 04 07:42:16 UTC 2025","Módulo: Registro de Gestión","parametros/RegistroGestion.spec.js","",""
"","9438","AE-TC-51. Editar tipo de egreso existente con datos válidos @Regression @positive","authenticated-tests","Tue Nov 04 07:45:00 UTC 2025","passed","Tue Nov 04 07:45:09 UTC 2025","Módulo: Tipos de Egreso","parametros/TiposEgreso.spec.js","",""
"","9188","AE-TC-75: Validar límite máximo de caracteres en descripción @Regression @positive","authenticated-tests","Tue Nov 04 07:52:18 UTC 2025","passed","Tue Nov 04 07:52:27 UTC 2025","Módulo Ventas","procesos/Ventas.spec.js","",""
"","4361","AE-TC-22. Validar límite de caracteres en el campo ""descripción"" @Regression @positive","authenticated-tests","Tue Nov 04 07:46:23 UTC 2025","passed","Tue Nov 04 07:46:27 UTC 2025","Módulo: Tipos de Ingreso","parametros/TiposIngreso.spec.js","",""
"","4922","AE-TC-106. Validar mensaje de error al intentar generar reporte con datos vacíos @Regression @negative","authenticated-tests","Tue Nov 04 07:57:03 UTC 2025","passed","Tue Nov 04 07:57:08 UTC 2025","Módulo: Reportes - Ingresos por Fecha","reportes/Ingresos.spec.js","",""
"","21954","AE-TC-109. Verificar la funcionalidad del campo Fecha Fin en Reporte de Egresos @Smoke @Regression @positive","authenticated-tests","Tue Nov 04 07:54:38 UTC 2025","passed","Tue Nov 04 07:55:00 UTC 2025","Módulo: Reportes - Egresos por Fecha","reportes/Egresos.spec.js","",""
"","882","AE-TC-02. Verificar mensaje de error si el usuario contiene números o símbolos @Smoke @Regression @negative","login-tests","Tue Nov 04 07:38:15 UTC 2025","passed","Tue Nov 04 07:38:16 UTC 2025","Login","login.spec.js","",""
"","10136","AE-TC-70: Crear una venta con datos válidos @Smoke @Regression @positive","authenticated-tests","Tue Nov 04 07:51:40 UTC 2025","passed","Tue Nov 04 07:51:50 UTC 2025","Módulo Ventas","procesos/Ventas.spec.js","",""
"","4197","AE-TC-11. Verificar que el botón Anterior esté deshabilitado en Formas de Pago @Regression @positive","authenticated-tests","Tue Nov 04 07:40:04 UTC 2025","passed","Tue Nov 04 07:40:09 UTC 2025","Módulo: Formas de Pago","parametros/FormasPago.spec.js","",""
"","4415","AE-TC-14. Validar límite máximo de 255 caracteres permitido en campo Descripción de Forma de Pago @Regression @negative","authenticated-tests","Tue Nov 04 07:40:17 UTC 2025","passed","Tue Nov 04 07:40:21 UTC 2025","Módulo: Formas de Pago","parametros/FormasPago.spec.js","",""
"","21474","AE-TC-64. Eliminar registro de gestión existente @Regression @positive","authenticated-tests","Tue Nov 04 07:42:39 UTC 2025","passed","Tue Nov 04 07:43:01 UTC 2025","Módulo: Registro de Gestión","parametros/RegistroGestion.spec.js","",""
"","4966","AE-TC-72: Seleccionar un registro de ventas @Regression @positive","authenticated-tests","Tue Nov 04 07:52:00 UTC 2025","passed","Tue Nov 04 07:52:05 UTC 2025","Módulo Ventas","procesos/Ventas.spec.js","",""
"","4305","AE-TC-47. Seleccionar registro de tipo de producto en la tabla @Regression @positive","authenticated-tests","Tue Nov 04 07:47:59 UTC 2025","passed","Tue Nov 04 07:48:03 UTC 2025","Módulo: Tipos de Producto","parametros/TiposProducto.spec.js","",""
"","21234","AE-TC-97: Validar botón Editar en Compras @Regression @positive","authenticated-tests","Tue Nov 04 07:50:53 UTC 2025","passed","Tue Nov 04 07:51:14 UTC 2025","Módulo Compras","procesos/Compras.spec.js","",""
"","13504","AE-TC-92: Rechazo por cantidad mayor al límite @Regression @negative","authenticated-tests","Tue Nov 04 07:49:47 UTC 2025","passed","Tue Nov 04 07:50:00 UTC 2025","Módulo Compras","procesos/Compras.spec.js","",""
"","9095","AE-TC-41. Editar tipo de producto existente con datos válidos @Regression @positive","authenticated-tests","Tue Nov 04 07:47:16 UTC 2025","passed","Tue Nov 04 07:47:26 UTC 2025","Módulo: Tipos de Producto","parametros/TiposProducto.spec.js","",""
"","4165","AE-TC-117. Verificar la funcionalidad del campo Fecha Fin @Smoke @Regression @positive","authenticated-tests","Tue Nov 04 07:57:12 UTC 2025","passed","Tue Nov 04 07:57:17 UTC 2025","Módulo: Reporte de Utilidades","reportes/Utilidades.spec.js","",""
"","12672","AE-TC-98: Validar botón Eliminar en Compras @Regression @positive","authenticated-tests","Tue Nov 04 07:51:14 UTC 2025","passed","Tue Nov 04 07:51:27 UTC 2025","Módulo Compras","procesos/Compras.spec.js","",""
"","4561","AE-TC-73: Botones ""Anterior"" y ""Siguiente"" deshabilitados @Regression @positive","authenticated-tests","Tue Nov 04 07:52:05 UTC 2025","passed","Tue Nov 04 07:52:10 UTC 2025","Módulo Ventas","procesos/Ventas.spec.js","",""
"","3749","AE-TC-15. Buscar una forma de pago existente en la tabla @Smoke @Regression @positive","authenticated-tests","Tue Nov 04 07:40:22 UTC 2025","passed","Tue Nov 04 07:40:25 UTC 2025","Módulo: Formas de Pago","parametros/FormasPago.spec.js","",""
"","12119","AE-TC-93: Rechazo por descripción muy larga y costo negativo @Regression @negative","authenticated-tests","Tue Nov 04 07:50:00 UTC 2025","passed","Tue Nov 04 07:50:12 UTC 2025","Módulo Compras","procesos/Compras.spec.js","",""
"","4631","AE-TC-13. Validar límite máximo de 64 caracteres en campo Nombre de Forma de Pago @Regression @negative","authenticated-tests","Tue Nov 04 07:40:12 UTC 2025","passed","Tue Nov 04 07:40:17 UTC 2025","Módulo: Formas de Pago","parametros/FormasPago.spec.js","",""
"","7336","AE-TC-86: Seleccionar un registro de compras @Regression @positive","authenticated-tests","Tue Nov 04 07:48:52 UTC 2025","passed","Tue Nov 04 07:48:59 UTC 2025","Módulo Compras","procesos/Compras.spec.js","",""
"","7415","AE-TC-58. Verificar que el botón ""Actualizar"" refresca la tabla de tipos de egreso @Regression @positive","authenticated-tests","Tue Nov 04 07:45:40 UTC 2025","passed","Tue Nov 04 07:45:47 UTC 2025","Módulo: Tipos de Egreso","parametros/TiposEgreso.spec.js","",""
"","4795","AE-TC-24. Cancelar la eliminación de un tipo de ingreso y verificar que no se elimine @Regression @positive","authenticated-tests","Tue Nov 04 07:46:31 UTC 2025","passed","Tue Nov 04 07:46:36 UTC 2025","Módulo: Tipos de Ingreso","parametros/TiposIngreso.spec.js","",""
"","12462","AE-TC-83: Crear compra válida y verificar existencia @Smoke @Regression @positive","authenticated-tests","Tue Nov 04 07:48:19 UTC 2025","passed","Tue Nov 04 07:48:31 UTC 2025","Módulo Compras","procesos/Compras.spec.js","",""
"","10231","AE-TC-105. Validar que la fecha fin no sea anterior a la fecha inicio @Regression @negative","authenticated-tests","Tue Nov 04 07:56:53 UTC 2025","passed","Tue Nov 04 07:57:03 UTC 2025","Módulo: Reportes - Ingresos por Fecha","reportes/Ingresos.spec.js","",""
"","4427","AE-TC-46. Cancelar eliminación de tipo de producto @Regression @positive","authenticated-tests","Tue Nov 04 07:47:54 UTC 2025","passed","Tue Nov 04 07:47:59 UTC 2025","Módulo: Tipos de Producto","parametros/TiposProducto.spec.js","",""
"","4351","AE-TC-18. Crear un tipo de ingreso con campos vacíos y validar mensaje de error @Regression @negative","authenticated-tests","Tue Nov 04 07:45:52 UTC 2025","passed","Tue Nov 04 07:45:56 UTC 2025","Módulo: Tipos de Ingreso","parametros/TiposIngreso.spec.js","",""
"","15306","AE-TC-42. Eliminar tipo de producto existente @Regression @positive","authenticated-tests","Tue Nov 04 07:47:26 UTC 2025","passed","Tue Nov 04 07:47:41 UTC 2025","Módulo: Tipos de Producto","parametros/TiposProducto.spec.js","",""
"","25713","AE-TC-123: Flujo completo: crear parámetros, registrar venta y verificar reporte@E2E @Regression @positive","authenticated-tests","Tue Nov 04 07:39:00 UTC 2025","passed","Tue Nov 04 07:39:26 UTC 2025","Flujo completo de Ventas","E2E/FlujoCompletoVentas.spec.js","",""
"","3596","AE-TC-26. Verificar que el botón ""Anterior"" esté deshabilitado al inicio de la paginación @Regression @positive","authenticated-tests","Tue Nov 04 07:46:40 UTC 2025","passed","Tue Nov 04 07:46:44 UTC 2025","Módulo: Tipos de Ingreso","parametros/TiposIngreso.spec.js","",""
"","9541","AE-TC-77: Crear venta con precio decimal @Regression @positive","authenticated-tests","Tue Nov 04 07:52:37 UTC 2025","passed","Tue Nov 04 07:52:47 UTC 2025","Módulo Ventas","procesos/Ventas.spec.js","",""
"","21214","AE-TC-95: Rechazo por valores negativos en costo y cantidad @Regression @negative","authenticated-tests","Tue Nov 04 07:50:20 UTC 2025","passed","Tue Nov 04 07:50:41 UTC 2025","Módulo Compras","procesos/Compras.spec.js","",""
"","7838","AE-TC-09. Verificar que el botón Actualizar refresca la tabla de formas de pago @Regression @positive","authenticated-tests","Tue Nov 04 07:39:52 UTC 2025","passed","Tue Nov 04 07:40:00 UTC 2025","Módulo: Formas de Pago","parametros/FormasPago.spec.js","",""
"","4325","AE-TC-116. Verificar la funcionalidad del campo Fecha Inicio @Smoke @Regression @positive","authenticated-tests","Tue Nov 04 07:57:08 UTC 2025","passed","Tue Nov 04 07:57:12 UTC 2025","Módulo: Reporte de Utilidades","reportes/Utilidades.spec.js","",""
"","3727","AE-TC-35. Buscar proveedor en la tabla @Smoke @positive","authenticated-tests","Tue Nov 04 07:41:13 UTC 2025","passed","Tue Nov 04 07:41:16 UTC 2025","Módulo: Proveedores","parametros/Proveedores.spec.js","",""
"","3828","AE-TC-100. Verificar la funcionalidad del campo Usuario @Smoke @Regression @positive","authenticated-tests","Tue Nov 04 07:56:28 UTC 2025","passed","Tue Nov 04 07:56:32 UTC 2025","Módulo: Reportes - Ingresos por Fecha","reportes/Ingresos.spec.js","",""
"","8327","AE-TC-52. Eliminar tipo de egreso existente y validar eliminación @Regression @positive","authenticated-tests","Tue Nov 04 07:45:09 UTC 2025","passed","Tue Nov 04 07:45:17 UTC 2025","Módulo: Tipos de Egreso","parametros/TiposEgreso.spec.js","",""
"","1106","AE-TC-04. Verificar al ingresar con usuario no registrado @Smoke @Regression @negative","login-tests","Tue Nov 04 07:38:19 UTC 2025","passed","Tue Nov 04 07:38:20 UTC 2025","Login","login.spec.js","",""
"","7576","AE-TC-29. Crear proveedor válido @Smoke @Regression @positive","authenticated-tests","Tue Nov 04 07:40:30 UTC 2025","passed","Tue Nov 04 07:40:38 UTC 2025","Módulo: Proveedores","parametros/Proveedores.spec.js","",""
"","15469","AE-TC-48. Verificar que el botón actualizar refresca la tabla de tipos de producto @Regression @positive","authenticated-tests","Tue Nov 04 07:48:03 UTC 2025","passed","Tue Nov 04 07:48:19 UTC 2025","Módulo: Tipos de Producto","parametros/TiposProducto.spec.js","",""
"","8169","AE-TC-32. Eliminar proveedor existente y validar eliminación @Regression @positive","authenticated-tests","Tue Nov 04 07:40:55 UTC 2025","passed","Tue Nov 04 07:41:03 UTC 2025","Módulo: Proveedores","parametros/Proveedores.spec.js","",""
"","13143","AE-TC-66. Seleccionar registro de gestión en tabla @Regression @positive","authenticated-tests","Tue Nov 04 07:43:14 UTC 2025","passed","Tue Nov 04 07:43:28 UTC 2025","Módulo: Registro de Gestión","parametros/RegistroGestion.spec.js","",""
"","26340","AE-TC-69. Cancelar eliminación de registro de gestión existente @Regression @positive","authenticated-tests","Tue Nov 04 07:43:37 UTC 2025","passed","Tue Nov 04 07:44:04 UTC 2025","Módulo: Registro de Gestión","parametros/RegistroGestion.spec.js","",""
"","4386","AE-TC-25. Seleccionar un registro en la tabla de tipos de ingreso @Regression @positive","authenticated-tests","Tue Nov 04 07:46:36 UTC 2025","passed","Tue Nov 04 07:46:40 UTC 2025","Módulo: Tipos de Ingreso","parametros/TiposIngreso.spec.js","",""
"","7389","AE-TC-120. Verificar funcionalidad del botón Generar @Smoke @Regression @positive","authenticated-tests","Tue Nov 04 07:57:29 UTC 2025","passed","Tue Nov 04 07:57:37 UTC 2025","Módulo: Reporte de Utilidades","reportes/Utilidades.spec.js","",""
"","3596","AE-TC-27. Validar funcionamiento del botón ""Siguiente"" en la paginación @Regression @positive","authenticated-tests","Tue Nov 04 07:46:44 UTC 2025","passed","Tue Nov 04 07:46:48 UTC 2025","Módulo: Tipos de Ingreso","parametros/TiposIngreso.spec.js","",""
"","4871","AE-TC-68. Paginación - botón siguiente @Regression @positive","authenticated-tests","Tue Nov 04 07:43:32 UTC 2025","passed","Tue Nov 04 07:43:37 UTC 2025","Módulo: Registro de Gestión","parametros/RegistroGestion.spec.js","",""
"","7559","AE-TC-121. Validar que no se permita generar reporte con campos de fechas vacíos @Regression @negative","authenticated-tests","Tue Nov 04 07:57:37 UTC 2025","passed","Tue Nov 04 07:57:44 UTC 2025","Módulo: Reporte de Utilidades","reportes/Utilidades.spec.js","",""
"","5778","AE-TC-82: Validar que no se puedan ingresar letras en cantidad @Regression @positive","authenticated-tests","Tue Nov 04 07:53:33 UTC 2025","passed","Tue Nov 04 07:53:39 UTC 2025","Módulo Ventas","procesos/Ventas.spec.js","",""
"","5008","AE-TC-36. Cancelar eliminación de proveedor @Regression @positive","authenticated-tests","Tue Nov 04 07:41:16 UTC 2025","passed","Tue Nov 04 07:41:21 UTC 2025","Módulo: Proveedores","parametros/Proveedores.spec.js","",""
"","5492","AE-TC-115. Verificar funcionalidad de campo Tipo de Gráfico por Mes @Smoke @Regression @positive","authenticated-tests","Tue Nov 04 07:56:22 UTC 2025","passed","Tue Nov 04 07:56:28 UTC 2025","Módulo: Reportes - Gráficos Mensual/Anual","reportes/graficosMensualAnual.spec.js","",""
"","4731","AE-TC-43. Validar límite de 64 caracteres en nombre de tipo de producto @Regression @negative","authenticated-tests","Tue Nov 04 07:47:41 UTC 2025","passed","Tue Nov 04 07:47:46 UTC 2025","Módulo: Tipos de Producto","parametros/TiposProducto.spec.js","",""
"","11929","AE-TC-96: Registro exitoso con costo decimal @Smoke @Regression @positive","authenticated-tests","Tue Nov 04 07:50:41 UTC 2025","passed","Tue Nov 04 07:50:53 UTC 2025","Módulo Compras","procesos/Compras.spec.js","",""
"","4080","AE-TC-55. Buscar tipo de egreso en la tabla @Smoke @Regression @positive","authenticated-tests","Tue Nov 04 07:45:26 UTC 2025","passed","Tue Nov 04 07:45:30 UTC 2025","Módulo: Tipos de Egreso","parametros/TiposEgreso.spec.js","",""
"","5094","AE-TC-16. Cancelar la eliminación de una forma de pago @Regression @positive","authenticated-tests","Tue Nov 04 07:40:25 UTC 2025","passed","Tue Nov 04 07:40:30 UTC 2025","Módulo: Formas de Pago","parametros/FormasPago.spec.js","",""
"","10464","AE-TC-20. Eliminar un tipo de ingreso existente y validar eliminación @Regression @positive","authenticated-tests","Tue Nov 04 07:46:08 UTC 2025","passed","Tue Nov 04 07:46:18 UTC 2025","Módulo: Tipos de Ingreso","parametros/TiposIngreso.spec.js","",""
"","3768","AE-TC-23. Buscar tipo de ingreso en la tabla mediante el campo de búsqueda @Smoke @Regression @positive","authenticated-tests","Tue Nov 04 07:46:27 UTC 2025","passed","Tue Nov 04 07:46:31 UTC 2025","Módulo: Tipos de Ingreso","parametros/TiposIngreso.spec.js","",""
"","7457","AE-TC-84: Verificar botón ""Otras opciones"" en Compras @Regression @positive","authenticated-tests","Tue Nov 04 07:48:31 UTC 2025","passed","Tue Nov 04 07:48:39 UTC 2025","Módulo Compras","procesos/Compras.spec.js","",""
"","3878","AE-TC-45. Buscar tipo de producto en la tabla @Smoke @positive","authenticated-tests","Tue Nov 04 07:47:50 UTC 2025","passed","Tue Nov 04 07:47:54 UTC 2025","Módulo: Tipos de Producto","parametros/TiposProducto.spec.js","",""
"","8075","AE-TC-07. Editar una forma de pago existente con datos válidos @Regression @positive","authenticated-tests","Tue Nov 04 07:39:36 UTC 2025","passed","Tue Nov 04 07:39:44 UTC 2025","Módulo: Formas de Pago","parametros/FormasPago.spec.js","",""
"","4616","AE-TC-17. Crear tipo de ingreso válido @Smoke @Regression @positive","authenticated-tests","Tue Nov 04 07:45:47 UTC 2025","passed","Tue Nov 04 07:45:52 UTC 2025","Módulo: Tipos de Ingreso","parametros/TiposIngreso.spec.js","",""
"","15829","AE-TC-28. Verificar que el botón ""Actualizar"" refresque correctamente la tabla @Regression @positive","authenticated-tests","Tue Nov 04 07:46:48 UTC 2025","passed","Tue Nov 04 07:47:04 UTC 2025","Módulo: Tipos de Ingreso","parametros/TiposIngreso.spec.js","",""
"","22236","AE-TC-110. Verificar la funcionalidad del botón Limpiar en Reporte de Egresos @Regression @positive","authenticated-tests","Tue Nov 04 07:55:00 UTC 2025","passed","Tue Nov 04 07:55:23 UTC 2025","Módulo: Reportes - Egresos por Fecha","reportes/Egresos.spec.js","",""
"","8203","AE-TC-08. Eliminar forma de pago existente y validar eliminación @Regression @positive","authenticated-tests","Tue Nov 04 07:39:44 UTC 2025","passed","Tue Nov 04 07:39:52 UTC 2025","Módulo: Formas de Pago","parametros/FormasPago.spec.js","",""
"","4508","AE-TC-53. Validar límite de 64 caracteres en nombre de tipo de egreso @Regression @negative","authenticated-tests","Tue Nov 04 07:45:17 UTC 2025","passed","Tue Nov 04 07:45:22 UTC 2025","Módulo: Tipos de Egreso","parametros/TiposEgreso.spec.js","",""
"","4729","AE-TC-06. Validar mensaje de error al crear forma de pago con campos vacíos @Regression @negative","authenticated-tests","Tue Nov 04 07:39:31 UTC 2025","passed","Tue Nov 04 07:39:36 UTC 2025","Módulo: Formas de Pago","parametros/FormasPago.spec.js","",""
"","7312","AE-TC-87: Validar botón ""Anterior"" en listado de compras @Regression @positive","authenticated-tests","Tue Nov 04 07:48:59 UTC 2025","passed","Tue Nov 04 07:49:06 UTC 2025","Módulo Compras","procesos/Compras.spec.js","",""
"","7377","AE-TC-49. Crear tipo de egreso con datos válidos @Smoke @Regression @positive","authenticated-tests","Tue Nov 04 07:44:42 UTC 2025","passed","Tue Nov 04 07:44:50 UTC 2025","Módulo: Tipos de Egreso","parametros/TiposEgreso.spec.js","",""
"","10674","AE-TC-89: No guardar compra con campos vacíos @Regression @negative","authenticated-tests","Tue Nov 04 07:49:14 UTC 2025","passed","Tue Nov 04 07:49:25 UTC 2025","Módulo Compras","procesos/Compras.spec.js","",""
"","23141","AE-TC-63. Editar registro de gestión existente @Regression @positive","authenticated-tests","Tue Nov 04 07:42:16 UTC 2025","passed","Tue Nov 04 07:42:39 UTC 2025","Módulo: Registro de Gestión","parametros/RegistroGestion.spec.js","",""
